age,monthly_income,credit_score,employment_years,existing_loan_amount,loan_amount,employment_type,eligible
28,24556,660,2.1,73158,157473,Contract,0
55,40790,822,8.6,31244,148246,Salaried,1
35,150475,828,0.6,833985,3053203,Contract,0
55,127974,632,9.1,1166816,77257,Salaried,1
48,107194,662,3.3,1601163,1461779,Salaried,0
26,117595,569,2.3,1442654,2582210,Self-Employed,0
23,138435,794,0.5,1587688,380511,Contract,1
39,112800,815,3.8,145867,242201,Contract,1
35,93861,560,12.9,211815,1644364,Self-Employed,0
50,113638,603,7.5,439368,1169786,Contract,0
25,177680,845,1.0,3058179,2103622,Salaried,1
50,117471,658,19.8,921132,1410140,Salaried,0
35,26414,681,6.1,34701,271231,Contract,0
41,73738,775,8.0,962282,349623,Self-Employed,1
29,82651,807,4.9,1225965,948490,Contract,1
46,112895,632,19.9,290102,2187108,Self-Employed,0
26,30351,576,1.1,167753,492666,Contract,0
25,118864,715,3.1,1963143,2269266,Self-Employed,1
56,21009,578,13.7,281527,443676,Self-Employed,0
42,47242,670,8.8,475763,56805,Contract,0
37,149225,611,8.7,446319,2672699,Self-Employed,0
53,177637,621,3.2,677585,54797,Contract,1
41,146085,529,2.4,1522451,3433858,Self-Employed,0
36,33184,643,14.1,82582,139814,Contract,0
52,36143,792,15.4,134628,741798,Self-Employed,1
56,61287,655,10.6,887384,494173,Contract,0
33,99714,724,12.9,1362893,1616239,Self-Employed,1
54,136354,581,5.1,268544,1468033,Salaried,0
58,163207,637,11.9,30160,347766,Contract,1
24,78015,554,3.6,692958,198598,Contract,0
36,91001,768,3.6,277478,2032525,Salaried,1
51,124708,617,2.1,1807959,1536031,Self-Employed,0
47,140427,547,13.5,412794,304227,Self-Employed,1
42,46644,647,4.0,562336,990810,Salaried,0
48,66100,662,9.4,158093,979312,Contract,0
27,31261,796,5.9,97793,297861,Salaried,1
47,145307,766,4.4,1682084,295934,Salaried,1
45,18565,719,5.5,238555,199552,Self-Employed,1
56,145577,599,4.0,913103,295296,Contract,1
55,33979,680,1.3,499948,577276,Contract,0
31,32910,780,1.1,194851,121849,Contract,1
25,79657,726,0.8,1194695,566351,Contract,1
59,28418,837,1.8,344652,662024,Contract,0
54,100934,653,4.2,1501963,1367782,Salaried,0
37,121752,587,11.5,1258278,1967738,Self-Employed,0
25,20441,754,3.2,295170,102418,Salaried,1
55,73877,779,5.5,731924,194265,Salaried,1
44,92707,600,8.9,1139210,1318848,Contract,0
54,20050,803,6.1,347806,104309,Salaried,1
37,48258,574,12.7,162998,621155,Self-Employed,0
59,73215,695,4.2,553614,1109919,Self-Employed,0
37,31316,567,10.9,290120,96228,Salaried,0
42,52293,846,19.6,169430,976596,Contract,1
48,165038,524,2.4,2898346,3841351,Salaried,0
55,27444,709,11.7,77643,500664,Salaried,0
23,98808,706,2.7,1669589,217331,Self-Employed,1
34,83412,572,5.1,1174160,1904164,Self-Employed,0
60,58515,641,17.3,371305,914644,Salaried,0
32,105080,730,9.7,1812073,1090888,Self-Employed,1
31,46336,715,9.6,493554,516477,Salaried,1
50,109660,676,16.4,1827296,1004604,Salaried,0
22,68627,724,0.8,145585,635367,Self-Employed,1
53,122773,794,6.8,115765,533778,Self-Employed,1
32,170198,655,0.7,2502201,1872692,Self-Employed,0
41,132398,830,19.7,485053,1665626,Contract,1
33,84773,542,9.3,3546,1140351,Contract,0
33,113478,740,1.1,1393007,1434959,Contract,1
41,50669,673,10.2,699287,906462,Self-Employed,0
46,95504,803,2.7,881739,1640250,Contract,1
32,179353,811,3.8,2298215,53405,Self-Employed,1
39,73098,740,15.0,1272261,1423017,Self-Employed,1
50,133811,746,13.6,2144019,2034686,Contract,1
31,40228,665,5.8,663686,699342,Self-Employed,0
26,79569,678,1.5,417605,359023,Salaried,0
23,82184,763,1.9,152731,1005076,Self-Employed,1
57,68970,716,10.0,511672,359479,Contract,1
21,45941,737,0.4,729716,1024231,Salaried,0
56,83325,582,9.2,974427,1450011,Contract,0
56,174094,682,19.0,1856287,2619650,Contract,0
53,129867,800,9.0,667556,2040928,Self-Employed,1
37,82812,846,4.9,1093244,1066273,Contract,1
36,89984,745,1.4,599215,1033537,Self-Employed,1
42,101809,796,1.8,316314,1019980,Self-Employed,1
30,74086,552,4.3,693908,1187938,Self-Employed,0
47,34322,625,16.7,408396,662451,Contract,0
22,168913,714,1.1,1475383,1302472,Self-Employed,1
47,159091,799,16.0,925006,2097782,Salaried,1
38,132251,768,0.7,1409829,2855459,Contract,0
46,61265,759,18.4,56552,876320,Contract,1
57,25104,562,12.9,71145,534125,Salaried,0
24,86198,714,1.4,953573,735445,Self-Employed,1
45,90943,735,5.2,171769,2022609,Salaried,1
55,31653,699,4.6,71951,733414,Salaried,0
22,82823,622,1.7,1303035,369568,Salaried,0
29,142141,578,5.2,914209,2000493,Contract,0
37,114703,605,10.4,2021098,530385,Salaried,0
40,46337,816,0.7,327110,837075,Self-Employed,0
33,37922,823,9.0,657711,304646,Salaried,1
40,175394,581,16.0,2373693,3332610,Salaried,0
43,157655,739,13.3,289225,2172153,Contract,1
42,21316,735,16.5,55332,277291,Self-Employed,1
50,58105,742,3.7,547091,616403,Contract,1
55,144745,758,8.8,2485018,1175732,Self-Employed,1
36,40718,662,14.1,255709,836931,Self-Employed,0
57,177994,714,6.9,2073271,2776416,Salaried,1
52,73605,701,16.0,713742,636486,Contract,1
38,163697,525,9.4,801348,409086,Salaried,1
47,146077,804,15.2,1996879,2759113,Contract,1
52,135486,528,2.0,929442,1746181,Contract,0
36,98270,817,6.0,1160716,2276847,Self-Employed,1
48,162281,689,7.2,1903145,1186305,Self-Employed,0
37,78434,581,12.3,661752,300724,Contract,0
55,66535,618,4.5,1015438,629861,Contract,0
58,155530,825,5.8,421637,3542296,Salaried,1
39,77633,704,3.6,29671,1534822,Contract,1
29,89909,543,8.8,1160477,1275309,Contract,0
29,146680,572,7.9,2407799,1242605,Self-Employed,0
51,133466,694,3.9,215489,1108971,Self-Employed,1
28,35129,725,4.0,605050,710021,Contract,1
24,57774,596,3.3,995230,687189,Salaried,0
36,49051,805,12.3,635770,523300,Contract,1
45,136099,746,6.1,1798642,1330857,Contract,1
60,33789,832,19.2,104053,267881,Contract,1
34,87375,561,2.4,364513,1207611,Salaried,0
31,18701,729,5.1,311328,296369,Self-Employed,1
23,78680,667,2.2,952172,199274,Contract,0
35,87351,840,8.9,414856,941581,Salaried,1
55,76932,596,18.2,298291,199757,Salaried,1
31,98638,824,8.3,1193713,1260520,Self-Employed,1
28,140866,675,5.7,1141883,2149132,Contract,0
52,132755,561,12.0,1812059,3130858,Self-Employed,0
59,83632,533,2.0,1414106,1803132,Contract,0
58,23438,657,11.6,400088,446502,Salaried,0
51,154043,746,18.3,761220,2505050,Self-Employed,1
52,41918,760,7.1,349499,386653,Contract,1
27,60159,688,3.0,1039073,654436,Contract,0
46,162204,538,9.2,1319180,1108637,Self-Employed,0
28,123952,783,6.6,4827,2808427,Contract,1
50,126330,547,3.9,1517412,2661515,Self-Employed,0
49,31529,624,5.5,137377,352020,Self-Employed,0
52,49831,534,19.5,638448,551843,Contract,0
31,99461,802,0.3,855618,440947,Salaried,1
28,138965,580,5.3,645801,2140338,Contract,0
39,151397,659,8.0,2023749,2030633,Salaried,0
50,162510,594,7.8,2513971,2181716,Contract,0
29,36300,661,7.0,435098,406385,Contract,0
38,18672,664,13.1,307724,354046,Contract,0
52,56953,748,10.9,361888,747177,Contract,1
55,116883,753,18.7,791265,1051623,Contract,1
45,79226,730,1.1,991903,1528970,Self-Employed,0
45,57873,773,19.3,132378,1103380,Contract,1
42,44309,745,2.2,479123,66093,Contract,1
30,125473,599,0.9,1111586,1470028,Contract,0
46,39054,688,17.1,559543,448468,Self-Employed,0
52,159824,538,12.4,984697,2697281,Contract,0
39,77634,566,8.4,206450,1644610,Contract,0
27,134307,605,4.9,121413,242900,Self-Employed,1
24,94904,703,1.6,305281,1074238,Contract,1
47,166354,612,3.6,331217,2606393,Self-Employed,0
60,81132,774,18.3,300139,536934,Self-Employed,1
37,138473,650,11.4,1951413,1256414,Contract,0
55,59412,557,8.9,724703,1282227,Self-Employed,0
48,83561,753,16.9,417788,856760,Self-Employed,1
27,80182,715,4.1,1205467,670489,Contract,1
39,23751,722,5.4,296709,503544,Contract,0
24,176965,774,3.4,1200385,1980372,Contract,1
43,75410,845,4.0,525602,1471375,Contract,1
29,43470,841,5.9,323939,876918,Self-Employed,1
23,169931,706,2.3,378046,3865255,Self-Employed,1
41,126921,609,4.2,2262440,1584517,Contract,0
53,89441,604,5.3,1010508,2078751,Self-Employed,0
42,48191,759,19.3,147594,523148,Contract,1
46,164096,707,2.0,1654965,108379,Self-Employed,1
55,50398,752,7.5,785395,599792,Contract,1
45,115379,575,13.6,988758,154960,Contract,1
56,103984,832,4.6,132575,1997279,Contract,1
40,125032,579,3.0,156078,1326597,Self-Employed,0
28,43478,640,7.1,142254,457524,Self-Employed,0
44,159608,734,11.8,648116,3763694,Self-Employed,1
27,146279,835,3.0,1173315,187222,Contract,1
44,74955,747,9.0,495164,810607,Salaried,1
44,160728,850,7.3,1669918,1207130,Salaried,1
28,137201,566,5.4,89579,262141,Self-Employed,1
36,51010,809,3.4,870127,1212257,Salaried,1
58,74610,639,6.7,309443,1703905,Contract,0
21,90685,594,1.0,1132913,1101319,Salaried,0
28,24758,587,0.3,414179,299489,Contract,0
41,22136,609,5.5,66457,438873,Self-Employed,0
54,47792,552,9.6,815809,809250,Contract,0
58,46587,751,10.2,644986,140943,Contract,1
54,97070,754,12.9,65327,305120,Self-Employed,1
46,129745,575,9.9,1860435,358242,Salaried,0
41,177461,595,1.5,1153500,2777853,Self-Employed,0
59,157082,670,9.2,2539344,1854386,Salaried,0
28,162529,630,3.6,958371,1785659,Self-Employed,0
50,122524,732,14.6,1310922,1839977,Self-Employed,1
37,116120,598,11.7,994611,331577,Salaried,0
26,42439,741,0.8,390748,901201,Salaried,0
56,33723,820,19.1,588967,395658,Contract,1
28,125691,701,7.0,1773925,265780,Self-Employed,1
59,99906,700,2.3,1064121,942291,Salaried,1
51,76784,575,7.1,1166573,820831,Salaried,0
38,168496,635,14.6,2352860,3268845,Contract,0
60,163945,533,12.3,2759144,3529010,Contract,0
38,25589,612,5.1,399722,373993,Self-Employed,0
43,19600,612,17.4,296915,394637,Self-Employed,0
25,55191,844,4.9,96214,1162502,Salaried,1
45,128056,752,6.9,1552115,1357101,Contract,1
41,166791,825,1.9,220657,702549,Salaried,1
60,31044,561,5.6,444611,559253,Contract,0
49,126575,659,4.5,2148936,527385,Self-Employed,0
48,47069,665,13.6,621946,1070542,Contract,0
40,29905,632,8.0,57443,58060,Salaried,0
40,73373,590,15.3,607014,738122,Salaried,0
21,148386,740,0.3,1594705,2283812,Contract,1
35,149140,806,12.5,1485484,352306,Self-Employed,1
23,132352,529,1.5,326579,1363071,Contract,0
48,168313,727,14.2,1751935,1264314,Salaried,1
46,23467,686,3.6,324075,291223,Contract,0
44,41102,743,16.9,255135,506839,Contract,1
